{
	"numRecords": 9815412,
	"numReads": 11328214,
	"numBarcodes": 411855,
	"medianReadsPerBarcode": 1.000000,
	"meanReadsPerBarcode": 27.505345,
	"numUMIs": 1038316,
	"numBarcodeUMIs": 9078100,
	"medianUMIsPerBarcode": 1.000000,
	"meanUMIsPerBarcode": 22.041981,
	"gtRecords": 7639228,
	"numTargets": 141041,
	"medianTargetsPerSet": 4.000000,
	"meanTargetsPerSet": 4.580818,
	"numSingleton": 2357140,
	"gtTargets": 9877,
	"numBarcodesOnWhitelist": 87863,
	"percentageBarcodesOnWhitelist": 21.333479,
	"numReadsOnWhitelist": 10617800,
	"percentageReadsOnWhitelist": 93.728808
}
