{
	"numRecords": 28637012,
	"numReads": 84115244,
	"numBarcodes": 895622,
	"medianReadsPerBarcode": 2.000000,
	"meanReadsPerBarcode": 93.918242,
	"numUMIs": 1045705,
	"numBarcodeUMIs": 17301175,
	"medianUMIsPerBarcode": 1.000000,
	"meanUMIsPerBarcode": 19.317497,
	"gtRecords": 10226884,
	"numTargets": 158258,
	"medianTargetsPerSet": 3.000000,
	"meanTargetsPerSet": 4.173717,
	"numSingleton": 21935694,
	"gtTargets": 6602,
	"numBarcodesOnWhitelist": 190078,
	"percentageBarcodesOnWhitelist": 21.223016,
	"numReadsOnWhitelist": 79760674,
	"percentageReadsOnWhitelist": 94.823091
}
